Report_ID,Main_Sentence,Sub_Sentences,Content_Context_BERT,Is_Attack_Pattern
CVE-2023-22806,This could allow an attacker to gain sensitive information such as user credentials.,This could allow an attacker to gain sensitive information such as user credentials,This could allow an attacker to gain sensitive information such as user credentials,1
CVE-2019-4392,HCL AppScan Standard Edition 9.0.3.13 and earlier uses hard-coded credentials which can be exploited by attackers to get unauthorized access to the system.,hard coded credentials,hard coded credentials [SEP] HCL AppScan Standard Edition 9.0.3.13 and earlier uses hard-coded credentials which can be exploited by attackers to get unauthorized access to the system.,1
CVE-2018-15383,The vulnerability exists because the affected devices have a limited amount of Direct Memory Access (DMA) memory and the affected software improperly handles resources in low-memory conditions.,the affected devices have a limited amount of Direct Memory Access (DMA) memory,the affected devices have a limited amount of Direct Memory Access (DMA) memory [SEP] The vulnerability exists because the affected devices have a limited amount of Direct Memory Access (DMA) memory and the affected software improperly handles resources in low-memory conditions.,0
CVE-2022-0863,"The WP SVG Icons WordPress plugin through 3.2.3 does not properly validate uploaded custom icon packs, allowing an high privileged user like an admin to upload a zip file containing malicious php code, leading to remote code execution.","The WP SVG Icons WordPress plugin through 3.2.3 not properly validate uploaded custom icon packs allowing an high privileged user like an admin to upload a zip file containing malicious php code, leading to remote code execution","The WP SVG Icons WordPress plugin through 3.2.3 not properly validate uploaded custom icon packs allowing an high privileged user like an admin to upload a zip file containing malicious php code, leading to remote code execution [SEP] The WP SVG Icons WordPress plugin through 3.2.3 does not properly validate uploaded custom icon packs, allowing an high privileged user like an admin to upload a zip file containing malicious php code, leading to remote code execution.",1
CVE-2018-16974,"There is a PHP Code Execution Vulnerability in apps/filemanager/upload/drop.php by using /filemanager/api/rm/.htaccess to remove the .htaccess file, and then using a filename that ends in .php followed by space characters (for bypassing the blacklist).","is a PHP Code Execution Vulnerability in apps / filemanager / upload / drop.php by using /filemanager / api / rm/.htaccess to remove the .htaccess file, and then using a filename that ends in .php followed by space characters (for bypassing the blacklist","is a PHP Code Execution Vulnerability in apps / filemanager / upload / drop.php by using /filemanager / api / rm/.htaccess to remove the .htaccess file, and then using a filename that ends in .php followed by space characters (for bypassing the blacklist [SEP] There is a PHP Code Execution Vulnerability in apps/filemanager/upload/drop.php by using /filemanager/api/rm/.htaccess to remove the .htaccess file, and then using a filename that ends in .php followed by space characters (for bypassing the blacklist).",1
CVE-2019-19229,admincgi-bin/service.fcgi on Fronius Solar Inverter devices before 3.14.1 (HM 1.12.1) allows action=download&filename= Directory Traversal.,admincgi-bin / service.fcgi on Fronius Solar Inverter devices before 3.14.1 (HM 1.12.1) allows action = download&filename=,admincgi-bin / service.fcgi on Fronius Solar Inverter devices before 3.14.1 (HM 1.12.1) allows action = download&filename= [SEP] admincgi-bin/service.fcgi on Fronius Solar Inverter devices before 3.14.1 (HM 1.12.1) allows action=download&filename= Directory Traversal.,1
CVE-2023-49290,Users are advised to upgrade.,Users advised to upgrade,Users advised to upgrade [SEP] Users are advised to upgrade.,0
CVE-2023-2390,The identifier of this vulnerability is VDB-227668.,The identifier of this vulnerability is VDB-227668,The identifier of this vulnerability is VDB-227668,0
CVE-2023-29069,"A maliciously crafted DLL file can be forced to install onto a non-default location, and attacker can overwrite parts of the product with malicious DLLs.",A maliciously crafted DLL file can forced to install onto a non-default location,"A maliciously crafted DLL file can forced to install onto a non-default location [SEP] A maliciously crafted DLL file can be forced to install onto a non-default location, and attacker can overwrite parts of the product with malicious DLLs.",1
CVE-2022-25858,"The package terser before 4.8.1, from 5.0.0 and before 5.14.2 are vulnerable to Regular Expression Denial of Service (ReDoS) due to insecure usage of regular expressions.",insecure usage,"insecure usage [SEP] The package terser before 4.8.1, from 5.0.0 and before 5.14.2 are vulnerable to Regular Expression Denial of Service (ReDoS) due to insecure usage of regular expressions.",0
CVE-2014-0956,"Cross-site scripting (XSS) vulnerability in googlemap.jsp in IBM WebSphere Portal 6.1.0 through 6.1.0.6 CF27, 6.1.5 through 6.1.5.3 CF27, 7.0 through 7.0.0.2 CF28, and 8.0 before 8.0.0.1 CF12 allows remote attackers to inject arbitrary web script or HTML via unspecified vectors.",remote attackers inject arbitrary web script or HTML via unspecified vectors,"remote attackers inject arbitrary web script or HTML via unspecified vectors [SEP] Cross-site scripting (XSS) vulnerability in googlemap.jsp in IBM WebSphere Portal 6.1.0 through 6.1.0.6 CF27, 6.1.5 through 6.1.5.3 CF27, 7.0 through 7.0.0.2 CF28, and 8.0 before 8.0.0.1 CF12 allows remote attackers to inject arbitrary web script or HTML via unspecified vectors.",1
CVE-2012-0997,Cross-site request forgery (CSRF) vulnerability in admin/index.php in 11in1 1.2.1 stable 12-31-2011 allows remote attackers to hijack the authentication of administrators for requests that add new topics via an addTopic action.,Cross-site request forgery (CSRF) vulnerability in admin / index.php in 11in1 1.2.1 stable 12-31-2011 allows remote attackers to hijack the authentication of administrators for requests that add new topics via an addTopic action,Cross-site request forgery (CSRF) vulnerability in admin / index.php in 11in1 1.2.1 stable 12-31-2011 allows remote attackers to hijack the authentication of administrators for requests that add new topics via an addTopic action [SEP] Cross-site request forgery (CSRF) vulnerability in admin/index.php in 11in1 1.2.1 stable 12-31-2011 allows remote attackers to hijack the authentication of administrators for requests that add new topics via an addTopic action.,1
CVE-2019-3747,Dell EMC Integrated Data Protection Appliance versions prior to 2.3 contain a stored cross-site scripting vulnerability.,Dell EMC Integrated Data Protection Appliance versions prior to 2.3 contain a stored cross-site scripting vulnerability,Dell EMC Integrated Data Protection Appliance versions prior to 2.3 contain a stored cross-site scripting vulnerability,1
CVE-2021-24905,"The Advanced Contact form 7 DB WordPress plugin before 1.8.7 does not have authorisation nor CSRF checks in the acf7_db_edit_scr_file_delete AJAX action, and does not validate the file to be deleted, allowing any authenticated user to delete arbitrary files on the web server.",allowing any authenticated user to delete arbitrary files on the web server,"allowing any authenticated user to delete arbitrary files on the web server [SEP] The Advanced Contact form 7 DB WordPress plugin before 1.8.7 does not have authorisation nor CSRF checks in the acf7_db_edit_scr_file_delete AJAX action, and does not validate the file to be deleted, allowing any authenticated user to delete arbitrary files on the web server.",1
CVE-2023-42143,Missing Integrity Check in Shelly TRV 20220811-152343/v2.1.8@5afc928c allows malicious users to create a backdoor by redirecting the device to an attacker-controlled machine which serves the manipulated firmware file.,malicious users create a backdoor by redirecting the device to an attacker-controlled machine which serves the manipulated firmware file,malicious users create a backdoor by redirecting the device to an attacker-controlled machine which serves the manipulated firmware file [SEP] Missing Integrity Check in Shelly TRV 20220811-152343/v2.1.8@5afc928c allows malicious users to create a backdoor by redirecting the device to an attacker-controlled machine which serves the manipulated firmware file.,1
CVE-2022-36064,"An Inefficient Regular Expression Complexity vulnerability impacts users that use Shescape to escape arguments for the Unix shells `Bash` and `Dash`, or any not-officially-supported Unix shell; and/or using the `escape` or `escapeAll` functions with the `interpolation` option set to `true`.",using the ` escape ` or ` escapeAll ` functions with the ` interpolation ` option set to ` true `,"using the ` escape ` or ` escapeAll ` functions with the ` interpolation ` option set to ` true ` [SEP] An Inefficient Regular Expression Complexity vulnerability impacts users that use Shescape to escape arguments for the Unix shells `Bash` and `Dash`, or any not-officially-supported Unix shell; and/or using the `escape` or `escapeAll` functions with the `interpolation` option set to `true`.",0
CVE-2022-24825,"Smokescreen also offers an option to deny access to additional (e.g., external) URLs by way of a deny list.","deny access to additional (e.g., external) URLs by way of a deny list","deny access to additional (e.g., external) URLs by way of a deny list [SEP] Smokescreen also offers an option to deny access to additional (e.g., external) URLs by way of a deny list.",0
CVE-2021-40847,"As such, an attacker with the ability to perform a MitM attack on the device can respond to circled update requests with a crafted, compressed database file, the extraction of which gives the attacker the ability to overwrite executable files with attacker-controlled code.","As such an attacker with the ability to perform a MitM attack on the device can respond to circled update requests with a crafted, compressed database file, the extraction of which gives the attacker the ability to overwrite executable files with attacker-controlled code","As such an attacker with the ability to perform a MitM attack on the device can respond to circled update requests with a crafted, compressed database file, the extraction of which gives the attacker the ability to overwrite executable files with attacker-controlled code [SEP] As such, an attacker with the ability to perform a MitM attack on the device can respond to circled update requests with a crafted, compressed database file, the extraction of which gives the attacker the ability to overwrite executable files with attacker-controlled code.",1
CVE-2021-46384,Â¶Â¶ MCMS has a pre-auth RCE vulnerability through which allows unauthenticated attacker with network access via http to compromise MCMS.,a pre-auth RCE vulnerability through which allows unauthenticated attacker with network access via http to compromise MCMS,a pre-auth RCE vulnerability through which allows unauthenticated attacker with network access via http to compromise MCMS [SEP] Â¶Â¶ MCMS has a pre-auth RCE vulnerability through which allows unauthenticated attacker with network access via http to compromise MCMS.,1
CVE-2018-15438,A successful exploit could allow the attacker to use a web browser to perform arbitrary actions with the privileges of the user on an affected system.,A successful exploit could allow the attacker to use a web browser to perform arbitrary actions with the privileges of the user on an affected system,A successful exploit could allow the attacker to use a web browser to perform arbitrary actions with the privileges of the user on an affected system,1
CVE-2012-1015,"The kdc_handle_protected_negotiation function in the Key Distribution Center (KDC) in MIT Kerberos 5 (aka krb5) 1.8.x, 1.9.x before 1.9.5, and 1.10.x before 1.10.3 attempts to calculate a checksum before verifying that the key type is appropriate for a checksum, which allows remote attackers to execute arbitrary code or cause a denial of service (uninitialized pointer free, heap memory corruption, and daemon crash) via a crafted AS-REQ request.","the key type is appropriate for a checksum, which allows remote attackers to execute arbitrary code or cause a denial of service (uninitialized pointer free, heap memory corruption, and daemon crash)","the key type is appropriate for a checksum, which allows remote attackers to execute arbitrary code or cause a denial of service (uninitialized pointer free, heap memory corruption, and daemon crash) [SEP] The kdc_handle_protected_negotiation function in the Key Distribution Center (KDC) in MIT Kerberos 5 (aka krb5) 1.8.x, 1.9.x before 1.9.5, and 1.10.x before 1.10.3 attempts to calculate a checksum before verifying that the key type is appropriate for a checksum, which allows remote attackers to execute arbitrary code or cause a denial of service (uninitialized pointer free, heap memory corruption, and daemon crash) via a crafted AS-REQ request.",1
CVE-2015-8631,Multiple memory leaks in kadmin/server/server_stubs.c in kadmind in MIT Kerberos 5 (aka krb5) before 1.13.4 and 1.14.x before 1.14.1 allow remote authenticated users to cause a denial of service (memory consumption) via a request specifying a NULL principal name.,remote authenticated users cause a denial of service (memory consumption) via a request specifying a NULL principal name,remote authenticated users cause a denial of service (memory consumption) via a request specifying a NULL principal name [SEP] Multiple memory leaks in kadmin/server/server_stubs.c in kadmind in MIT Kerberos 5 (aka krb5) before 1.13.4 and 1.14.x before 1.14.1 allow remote authenticated users to cause a denial of service (memory consumption) via a request specifying a NULL principal name.,1
CVE-2020-14254,If TLS 2.0 and secure ciphers are not enabled then an attacker can passively record traffic and later decrypt it.,If TLS 2.0 and secure ciphers are not enabled then an attacker can passively record traffic,If TLS 2.0 and secure ciphers are not enabled then an attacker can passively record traffic [SEP] If TLS 2.0 and secure ciphers are not enabled then an attacker can passively record traffic and later decrypt it.,1
CVE-2022-23391,A cross-site scripting (XSS) vulnerability in Pybbs v6.0 allows attackers to execute arbitrary web scripts or HTML via a crafted payload inserted into the Search box.,a crafted payload inserted into the Search box,a crafted payload inserted into the Search box [SEP] A cross-site scripting (XSS) vulnerability in Pybbs v6.0 allows attackers to execute arbitrary web scripts or HTML via a crafted payload inserted into the Search box.,1
CVE-2017-5246,Affected versions are 5.0.0000 through 5.1.1026.,Affected versions are 5.0.0000 through 5.1.1026,Affected versions are 5.0.0000 through 5.1.1026,0
CVE-2021-32518,The referred vulnerability has been solved with the updated version of QSAN Storage Manager v3.3.3.,The referred vulnerability solved with the updated version of QSAN Storage Manager v3.3.3,The referred vulnerability solved with the updated version of QSAN Storage Manager v3.3.3 [SEP] The referred vulnerability has been solved with the updated version of QSAN Storage Manager v3.3.3.,0
CVE-2018-10911,An attacker could use this flaw to read memory from other locations into the stored dict value.,An attacker read memory from other locations into the stored dict value,An attacker read memory from other locations into the stored dict value [SEP] An attacker could use this flaw to read memory from other locations into the stored dict value.,1
CVE-2019-1599,Note: This vulnerability can be triggered only by traffic that is destined to an affected device and cannot be exploited using traffic that transits an affected device.,This vulnerability can triggered only by traffic that is destined to an affected device and can not be exploited using traffic that transits an affected device,This vulnerability can triggered only by traffic that is destined to an affected device and can not be exploited using traffic that transits an affected device [SEP] Note: This vulnerability can be triggered only by traffic that is destined to an affected device and cannot be exploited using traffic that transits an affected device.,1
CVE-2022-24040,An attacker with the user profile access privilege could cause a denial of service (DoS) condition through CPU consumption by setting a PBKDF2 derived key with a remarkably high cost effort and then attempting a login to the so-modified account.,An attacker with the user profile access privilege then attempting a login to the so-modified account,An attacker with the user profile access privilege then attempting a login to the so-modified account [SEP] An attacker with the user profile access privilege could cause a denial of service (DoS) condition through CPU consumption by setting a PBKDF2 derived key with a remarkably high cost effort and then attempting a login to the so-modified account.,1
CVE-2020-7585,A DLL Hijacking vulnerability could allow a local attacker to execute code with elevated privileges.,A DLL Hijacking vulnerability could allow a local attacker to execute code with elevated privileges,A DLL Hijacking vulnerability could allow a local attacker to execute code with elevated privileges,1
CVE-2011-5238,"google-checkout-php-sample-code before 1.3.2 does not verify that the server hostname matches a domain name in the subject's Common Name (CN) or subjectAltName field of the X.509 certificate, which allows man-in-the-middle attackers to spoof SSL servers via an arbitrary valid certificate.","the server hostname matches a domain name in the subject's Common Name (CN) or subjectAltName field of the X.509 certificate, which allows man-in-the-middle attackers to spoof SSL servers via an arbitrary valid certificate","the server hostname matches a domain name in the subject's Common Name (CN) or subjectAltName field of the X.509 certificate, which allows man-in-the-middle attackers to spoof SSL servers via an arbitrary valid certificate [SEP] google-checkout-php-sample-code before 1.3.2 does not verify that the server hostname matches a domain name in the subject's Common Name (CN) or subjectAltName field of the X.509 certificate, which allows man-in-the-middle attackers to spoof SSL servers via an arbitrary valid certificate.",1
CVE-2022-0150,"The WP Accessibility Helper (WAH) WordPress plugin before 0.6.0.7 does not sanitise and escape the wahi parameter before outputting back its base64 decode value in the page, leading to a Reflected Cross-Site Scripting issue",Reflected Cross-Site Scripting issue,"Reflected Cross-Site Scripting issue [SEP] The WP Accessibility Helper (WAH) WordPress plugin before 0.6.0.7 does not sanitise and escape the wahi parameter before outputting back its base64 decode value in the page, leading to a Reflected Cross-Site Scripting issue",1
CVE-2021-23824,"When using attributes without quotes in the template, an attacker can manipulate the input to introduce additional attributes, potentially executing code.",an attacker potentially executing code,"an attacker potentially executing code [SEP] When using attributes without quotes in the template, an attacker can manipulate the input to introduce additional attributes, potentially executing code.",1
CVE-2018-10934,Users with roles that can create objects in the application can exploit this to attack other privileged users.,roles that can create objects in the application,roles that can create objects in the application [SEP] Users with roles that can create objects in the application can exploit this to attack other privileged users.,0
CVE-2018-10133,"PbootCMS v0.9.8 allows PHP code injection via an IF label in index.php/About/6.html or admin.php/Site/index.html, related to the parserIfLabel function in \apps\home\controller\ParserController.php.",an IF label in index.php/About/6.html or admin.php/Site/index.html related to the parserIfLabel function in \apps\home\controller\ParserController.php,"an IF label in index.php/About/6.html or admin.php/Site/index.html related to the parserIfLabel function in \apps\home\controller\ParserController.php [SEP] PbootCMS v0.9.8 allows PHP code injection via an IF label in index.php/About/6.html or admin.php/Site/index.html, related to the parserIfLabel function in \apps\home\controller\ParserController.php.",0
CVE-2019-13477,"In CentOS-WebPanel.com (aka CWP) CentOS Web Panel 0.9.8.837, CSRF in the forgot password function allows an attacker to change the password for the root account.",CSRF in the forgot password function,"CSRF in the forgot password function [SEP] In CentOS-WebPanel.com (aka CWP) CentOS Web Panel 0.9.8.837, CSRF in the forgot password function allows an attacker to change the password for the root account.",1
CVE-2014-0600,"FileUploadServlet in the Administration service in Novell GroupWise 2014 before SP1 allows remote attackers to read or write to arbitrary files via the poLibMaintenanceFileSave parameter, aka ZDI-CAN-2287.","FileUploadServlet in the Administration service in Novell GroupWise 2014 before SP1 allows remote attackers to read or write to arbitrary files via the poLibMaintenanceFileSave parameter, aka ZDI-CAN-2287","FileUploadServlet in the Administration service in Novell GroupWise 2014 before SP1 allows remote attackers to read or write to arbitrary files via the poLibMaintenanceFileSave parameter, aka ZDI-CAN-2287",1
CVE-2023-45815,"Malicious Javascript could potentially act using your logged-in admin credentials and add/remove/modify snapshots, add/remove/modify ArchiveBox users, and generally do anything an admin user could do.",anything an admin user could do,"anything an admin user could do [SEP] Malicious Javascript could potentially act using your logged-in admin credentials and add/remove/modify snapshots, add/remove/modify ArchiveBox users, and generally do anything an admin user could do.",0
CVE-2022-39279,"In versions prior to 0.9 some places render a chat channel's name and description in an unsafe way, allowing staff members to cause an cross site scripting (XSS) attack by inserting unsafe HTML into them.",staff members cause an cross site scripting (XSS) attack by inserting unsafe HTML into them,"staff members cause an cross site scripting (XSS) attack by inserting unsafe HTML into them [SEP] In versions prior to 0.9 some places render a chat channel's name and description in an unsafe way, allowing staff members to cause an cross site scripting (XSS) attack by inserting unsafe HTML into them.",1
CVE-2012-5822,"The contribution feature in Zamboni does not verify that the server hostname matches a domain name in the subject's Common Name (CN) or subjectAltName field of the X.509 certificate, which allows man-in-the-middle attackers to spoof SSL servers via an arbitrary valid certificate, related to use of the Python urllib2 library.",an arbitrary valid certificate related to use of the Python urllib2 library,"an arbitrary valid certificate related to use of the Python urllib2 library [SEP] The contribution feature in Zamboni does not verify that the server hostname matches a domain name in the subject's Common Name (CN) or subjectAltName field of the X.509 certificate, which allows man-in-the-middle attackers to spoof SSL servers via an arbitrary valid certificate, related to use of the Python urllib2 library.",1
CVE-2022-4590,It has been classified as problematic.,It classified as problematic,It classified as problematic [SEP] It has been classified as problematic.,0
CVE-2023-32454,"A local malicious standard user could exploit the vulnerability to create arbitrary files, leading to denial of service",leading to denial of service,"leading to denial of service [SEP] A local malicious standard user could exploit the vulnerability to create arbitrary files, leading to denial of service",1
CVE-2019-12513,"In NETGEAR Nighthawk X10-R900 prior to 1.0.4.24, by sending a DHCP discover request containing a malicious hostname field, an attacker may execute stored XSS attacks against this device.",request containing a malicious hostname field,"request containing a malicious hostname field [SEP] In NETGEAR Nighthawk X10-R900 prior to 1.0.4.24, by sending a DHCP discover request containing a malicious hostname field, an attacker may execute stored XSS attacks against this device.",1
CVE-2023-40097,This could lead to local escalation of privilege with no additional execution privileges needed.,This could lead to local escalation of privilege with no additional execution privileges needed,This could lead to local escalation of privilege with no additional execution privileges needed,1
CVE-2021-32811,"By default, one must have the admin-level Zope ""Manager"" role to add or edit Script (Python) objects through the web.",Script (Python) objects,"Script (Python) objects [SEP] By default, one must have the admin-level Zope ""Manager"" role to add or edit Script (Python) objects through the web.",0
CVE-2023-22932,"In Splunk Enterprise 9.0 versions before 9.0.4, a View allows for Cross-Site Scripting (XSS) through the error message in a Base64-encoded image.",Base64 encoded image,"Base64 encoded image [SEP] In Splunk Enterprise 9.0 versions before 9.0.4, a View allows for Cross-Site Scripting (XSS) through the error message in a Base64-encoded image.",0
CVE-2008-6956,"Static code injection vulnerability in admin/admin.php in mxCamArchive 2.2 allows remote authenticated administrators to inject arbitrary PHP code into an unspecified program via the description parameter, which is executed by invocation of index.php.","remote authenticated administrators inject arbitrary PHP code into an unspecified program via the description parameter, which is executed by invocation of index.php","remote authenticated administrators inject arbitrary PHP code into an unspecified program via the description parameter, which is executed by invocation of index.php [SEP] Static code injection vulnerability in admin/admin.php in mxCamArchive 2.2 allows remote authenticated administrators to inject arbitrary PHP code into an unspecified program via the description parameter, which is executed by invocation of index.php.",1
CVE-2022-35490,"An attacker might work around this prevention, enabling them to send more than the configured amount of requests before the user invalidation takes place.",the user invalidation takes place,"the user invalidation takes place [SEP] An attacker might work around this prevention, enabling them to send more than the configured amount of requests before the user invalidation takes place.",1
CVE-2021-29806,This vulnerability allows users to embed arbitrary JavaScript code in the Web UI thus altering the intended functionality potentially leading to credentials disclosure within a trusted session.,This vulnerability allows users to embed arbitrary JavaScript code in the Web UI thus altering the intended functionality potentially leading to credentials disclosure within a trusted session,This vulnerability allows users to embed arbitrary JavaScript code in the Web UI thus altering the intended functionality potentially leading to credentials disclosure within a trusted session,1
CVE-2024-0448,This makes it possible for authenticated attackers with contributor access or higher to inject arbitrary web scripts in pages that will execute whenever a user accesses an injected page.,This makes it possible for authenticated attackers with contributor access or higher to inject arbitrary web scripts in pages that will execute whenever a user accesses an injected page,This makes it possible for authenticated attackers with contributor access or higher to inject arbitrary web scripts in pages that will execute whenever a user accesses an injected page,1
CVE-2022-1797,"A malformed Class 3 common industrial protocol message with a cached connection can cause a denial-of-service condition in Rockwell Automation Logix Controllers, resulting in a major nonrecoverable fault.",cached connection,"cached connection [SEP] A malformed Class 3 common industrial protocol message with a cached connection can cause a denial-of-service condition in Rockwell Automation Logix Controllers, resulting in a major nonrecoverable fault.",0
CVE-2023-38500,"TYPO3 HTML Sanitizer is an HTML sanitizer, written in PHP, aiming to provide cross-site-scripting-safe markup based on explicitly allowed tags, attributes and values.","an HTML sanitizer provide cross-site-scripting-safe markup based on explicitly allowed tags, attributes and values","an HTML sanitizer provide cross-site-scripting-safe markup based on explicitly allowed tags, attributes and values [SEP] TYPO3 HTML Sanitizer is an HTML sanitizer, written in PHP, aiming to provide cross-site-scripting-safe markup based on explicitly allowed tags, attributes and values.",1
CVE-2018-12414,"Affected releases are TIBCO Software Inc.'s TIBCO Rendezvous: versions up to and including 8.4.5, TIBCO Rendezvous Developer Edition: versions up to and including 8.4.5, TIBCO Rendezvous for z/Linux: versions up to and including 8.4.5, TIBCO Rendezvous for z/OS: versions up to and including 8.4.5, TIBCO Rendezvous Network Server: versions up to and including 1.1.2, and TIBCO Substation ES: versions up to and including 2.12.2.",versions including 2.12.2,"versions including 2.12.2 [SEP] Affected releases are TIBCO Software Inc.'s TIBCO Rendezvous: versions up to and including 8.4.5, TIBCO Rendezvous Developer Edition: versions up to and including 8.4.5, TIBCO Rendezvous for z/Linux: versions up to and including 8.4.5, TIBCO Rendezvous for z/OS: versions up to and including 8.4.5, TIBCO Rendezvous Network Server: versions up to and including 1.1.2, and TIBCO Substation ES: versions up to and including 2.12.2.",0
CVE-2022-26866,"A high privileged network attacker could potentially exploit this vulnerability, leading to the storage of malicious HTML or JavaScript codes in a trusted application data store.",A high privileged network attacker could potentially exploit this vulnerability leading to the storage of malicious HTML or JavaScript codes in a trusted application data store,"A high privileged network attacker could potentially exploit this vulnerability leading to the storage of malicious HTML or JavaScript codes in a trusted application data store [SEP] A high privileged network attacker could potentially exploit this vulnerability, leading to the storage of malicious HTML or JavaScript codes in a trusted application data store.",1
CVE-2021-44202,Stored cross-site scripting (XSS) was possible in activity details.,Stored cross-site scripting (XSS),Stored cross-site scripting (XSS) [SEP] Stored cross-site scripting (XSS) was possible in activity details.,1
CVE-2023-2302,"The Contact Form and Calls To Action by vcita plugin for WordPress is vulnerable to Stored Cross-Site Scripting via the 'email' parameter in versions up to, and including, 2.6.4 due to insufficient input sanitization and output escaping.",Calls To Action by vcita plugin for WordPress,"Calls To Action by vcita plugin for WordPress [SEP] The Contact Form and Calls To Action by vcita plugin for WordPress is vulnerable to Stored Cross-Site Scripting via the 'email' parameter in versions up to, and including, 2.6.4 due to insufficient input sanitization and output escaping.",0
CVE-2017-0627,This issue is rated as Moderate because it first requires compromising a privileged process.,This issue rated as Moderate because it first requires compromising a privileged process,This issue rated as Moderate because it first requires compromising a privileged process [SEP] This issue is rated as Moderate because it first requires compromising a privileged process.,1
CVE-2020-5245,The issue has been fixed in dropwizard-validation 1.3.19 and 2.0.2.,The issue fixed in dropwizard-validation 1.3.19 and 2.0.2,The issue fixed in dropwizard-validation 1.3.19 and 2.0.2 [SEP] The issue has been fixed in dropwizard-validation 1.3.19 and 2.0.2.,0
CVE-2020-15565,"Only x86 HVM guests using hardware assisted paging (HAP), having a passed through PCI device assigned, and having page table sharing enabled can leverage the vulnerability.","Only x86 HVM guests using hardware assisted paging (HAP), having a passed through PCI device assigned, and having page table sharing enabled can leverage the vulnerability","Only x86 HVM guests using hardware assisted paging (HAP), having a passed through PCI device assigned, and having page table sharing enabled can leverage the vulnerability",0
CVE-2016-0011,"Microsoft SharePoint Server 2013 SP1 and SharePoint Foundation 2013 SP1 allow remote authenticated users to bypass intended Access Control Policy restrictions and conduct cross-site scripting (XSS) attacks by modifying a webpart, aka ""Microsoft SharePoint Security Feature Bypass,"" a different vulnerability than CVE-2015-6117.",intended Access Control Policy restrictions,"intended Access Control Policy restrictions [SEP] Microsoft SharePoint Server 2013 SP1 and SharePoint Foundation 2013 SP1 allow remote authenticated users to bypass intended Access Control Policy restrictions and conduct cross-site scripting (XSS) attacks by modifying a webpart, aka ""Microsoft SharePoint Security Feature Bypass,"" a different vulnerability than CVE-2015-6117.",0
CVE-2023-44826,Cross Site Scripting vulnerability in ZenTaoPMS v.18.6 allows a local attacker to obtain sensitive information via a crafted script.,a local attacker obtain sensitive information via a crafted script,a local attacker obtain sensitive information via a crafted script [SEP] Cross Site Scripting vulnerability in ZenTaoPMS v.18.6 allows a local attacker to obtain sensitive information via a crafted script.,1
CVE-2024-1635,"Because WriteTimeoutStreamSinkConduit creates a timeout task, the whole dependency tree leaks via that task, which is added to XNIO WorkerThread.",that task which added to XNIO WorkerThread,"that task which added to XNIO WorkerThread [SEP] Because WriteTimeoutStreamSinkConduit creates a timeout task, the whole dependency tree leaks via that task, which is added to XNIO WorkerThread.",0
CVE-2013-0321,Cross-site scripting (XSS) vulnerability in Views in the Ubercart Views (uc_views) module 6.x before 6.x-3.3 for Drupal allows remote attackers to inject arbitrary web script or HTML via the full name field.,Cross-site scripting (XSS) vulnerability in Views in the Ubercart Views (uc_views) module 6.x before 6.x-3.3 for Drupal allows remote attackers to inject arbitrary web script or HTML via the full name field,Cross-site scripting (XSS) vulnerability in Views in the Ubercart Views (uc_views) module 6.x before 6.x-3.3 for Drupal allows remote attackers to inject arbitrary web script or HTML via the full name field,1
CVE-2014-2689,Cross-site scripting (XSS) vulnerability in Offiria 2.1.0 and earlier allows remote attackers to inject arbitrary web script or HTML via the PATH_INFO to installer/index.php.,remote attackers inject arbitrary web script or HTML via the PATH_INFO to installer / index.php,remote attackers inject arbitrary web script or HTML via the PATH_INFO to installer / index.php [SEP] Cross-site scripting (XSS) vulnerability in Offiria 2.1.0 and earlier allows remote attackers to inject arbitrary web script or HTML via the PATH_INFO to installer/index.php.,1
CVE-2021-1436,A successful exploit could allow the attacker to view arbitrary files on the affected system.,A successful exploit could allow the attacker to view arbitrary files on the affected system,A successful exploit could allow the attacker to view arbitrary files on the affected system,1
CVE-2008-1537,Directory traversal vulnerability in pb_inc/admincenter/index.php in PowerScripts PowerBook 1.21 allows remote attackers to include and execute arbitrary local files via a ..  (dot dot) in the page parameter.,remote attackers execute arbitrary local files via a .. (dot dot) in the page parameter,remote attackers execute arbitrary local files via a .. (dot dot) in the page parameter [SEP] Directory traversal vulnerability in pb_inc/admincenter/index.php in PowerScripts PowerBook 1.21 allows remote attackers to include and execute arbitrary local files via a ..  (dot dot) in the page parameter.,1
CVE-2022-0450,"The Menu Image, Icons made easy WordPress plugin before 3.0.6 does not have authorisation and CSRF checks when saving menu settings, and does not validate, sanitise and escape them.",made easy WordPress plugin before 3.0.6,"made easy WordPress plugin before 3.0.6 [SEP] The Menu Image, Icons made easy WordPress plugin before 3.0.6 does not have authorisation and CSRF checks when saving menu settings, and does not validate, sanitise and escape them.",0
CVE-2015-3354,Cross-site request forgery (CSRF) vulnerability in the Wishlist module before 6.x-2.7 and 7.x-2.x before 7.x-2.7 for Drupal allows remote attackers to hijack the authentication of arbitrary users for requests that delete wishlist purchase intentions via unspecified vectors.,requests that delete wishlist purchase intentions via unspecified vectors,requests that delete wishlist purchase intentions via unspecified vectors [SEP] Cross-site request forgery (CSRF) vulnerability in the Wishlist module before 6.x-2.7 and 7.x-2.x before 7.x-2.7 for Drupal allows remote attackers to hijack the authentication of arbitrary users for requests that delete wishlist purchase intentions via unspecified vectors.,1
CVE-2021-33203,"Django before 2.2.24, 3.x before 3.1.12, and 3.2.x before 3.2.4 has a potential directory traversal via django.contrib.admindocs.","Django before 2.2.24, 3.x before 3.1.12, and 3.2.x before 3.2.4 has a potential directory traversal via django.contrib.admindocs","Django before 2.2.24, 3.x before 3.1.12, and 3.2.x before 3.2.4 has a potential directory traversal via django.contrib.admindocs",1
CVE-2022-47872,A Server-Side Request Forgery (SSRF) in maccms10 v2021.1000.2000 allows attackers to force the application to make arbitrary requests via a crafted payload injected into the Name parameter under the Interface address module.,crafted payload,crafted payload [SEP] A Server-Side Request Forgery (SSRF) in maccms10 v2021.1000.2000 allows attackers to force the application to make arbitrary requests via a crafted payload injected into the Name parameter under the Interface address module.,1
CVE-2023-6725,A malicious attacker with access to any container could exploit this flaw to access sensitive information.,A malicious attacker with access to any container could exploit this flaw to access sensitive information,A malicious attacker with access to any container could exploit this flaw to access sensitive information,1
CVE-2015-9548,It allows attackers to cause a denial of service (memory consumption) via a small compressed file that has a large size when uncompressed.,It allows attackers to cause a denial of service (memory consumption) via a small compressed file that has a large size when uncompressed,It allows attackers to cause a denial of service (memory consumption) via a small compressed file that has a large size when uncompressed,1
CVE-2008-6677,"Unrestricted file upload vulnerability in fckeditor251/editor/filemanager/connectors/asp/upload.asp in QuickerSite 1.8.5 allows remote attackers to execute arbitrary code by uploading a file with an executable extension, then accessing it via a direct request to the file.",remote attackers then accessing it via a direct request to the file,"remote attackers then accessing it via a direct request to the file [SEP] Unrestricted file upload vulnerability in fckeditor251/editor/filemanager/connectors/asp/upload.asp in QuickerSite 1.8.5 allows remote attackers to execute arbitrary code by uploading a file with an executable extension, then accessing it via a direct request to the file.",1
CVE-2020-14328,A Server Side Request Forgery flaw can be abused by supplying a URL which could lead to the server processing it connecting to internal services or exposing additional internal services and more particularly retrieving full details in case of error.,could processing it connecting to internal services,could processing it connecting to internal services [SEP] A Server Side Request Forgery flaw can be abused by supplying a URL which could lead to the server processing it connecting to internal services or exposing additional internal services and more particularly retrieving full details in case of error.,1
CVE-2021-24290,There are several endpoints in the Store Locator Plus for WordPress plugin through 5.5.15 that could allow unauthenticated attackers the ability to inject malicious JavaScript into pages.,are several endpoints in the Store Locator Plus for WordPress plugin through 5.5.15 that could allow unauthenticated attackers the ability to inject malicious JavaScript into pages,are several endpoints in the Store Locator Plus for WordPress plugin through 5.5.15 that could allow unauthenticated attackers the ability to inject malicious JavaScript into pages [SEP] There are several endpoints in the Store Locator Plus for WordPress plugin through 5.5.15 that could allow unauthenticated attackers the ability to inject malicious JavaScript into pages.,1
CVE-2010-3711,"libpurple in Pidgin before 2.7.4 does not properly validate the return value of the purple_base64_decode function, which allows remote authenticated users to cause a denial of service (NULL pointer dereference and application crash) via a crafted message, related to the plugins for MSN, MySpaceIM, XMPP, and Yahoo!","the purple_base64_decode function which allows remote authenticated users to cause a denial of service (NULL pointer dereference and application crash) via a crafted message, related to the plugins for MSN, MySpaceIM, XMPP, and Yahoo","the purple_base64_decode function which allows remote authenticated users to cause a denial of service (NULL pointer dereference and application crash) via a crafted message, related to the plugins for MSN, MySpaceIM, XMPP, and Yahoo [SEP] libpurple in Pidgin before 2.7.4 does not properly validate the return value of the purple_base64_decode function, which allows remote authenticated users to cause a denial of service (NULL pointer dereference and application crash) via a crafted message, related to the plugins for MSN, MySpaceIM, XMPP, and Yahoo!",1
CVE-2022-46158,Users may have been able to view the contents of the upload directory without appropriate permissions.,Users may been able to view the contents of the upload directory without appropriate permissions,Users may been able to view the contents of the upload directory without appropriate permissions [SEP] Users may have been able to view the contents of the upload directory without appropriate permissions.,1
CVE-2023-6206,It was possible to use this fact to surprise users by luring them to click where the permission grant button would be about to appear.,was possible to use this fact to surprise users by luring them to click where the permission grant button would be about to appear,was possible to use this fact to surprise users by luring them to click where the permission grant button would be about to appear [SEP] It was possible to use this fact to surprise users by luring them to click where the permission grant button would be about to appear.,1
CVE-2018-0112,This affects the clients installed by customers when accessing a WebEx meeting.,the clients installed by customers when accessing a WebEx meeting,the clients installed by customers when accessing a WebEx meeting [SEP] This affects the clients installed by customers when accessing a WebEx meeting.,1
CVE-2019-4183,"IBM Cognos Analytics 11.0, and 11.1 is vulnerable to a denial of service attack that could allow a remote user to send specially crafted requests that would consume all available CPU and memory resources.",a denial of service attack that could allow a remote user to send specially crafted requests that would consume all available CPU and memory resources,"a denial of service attack that could allow a remote user to send specially crafted requests that would consume all available CPU and memory resources [SEP] IBM Cognos Analytics 11.0, and 11.1 is vulnerable to a denial of service attack that could allow a remote user to send specially crafted requests that would consume all available CPU and memory resources.",1
CVE-2018-16886,etcd versions 3.2.x before 3.2.26 and 3.3.x before 3.3.11 are vulnerable to an improper authentication issue when role-based access control (RBAC) is used and client-cert-auth is enabled.,when role-based access control (RBAC) used,when role-based access control (RBAC) used [SEP] etcd versions 3.2.x before 3.2.26 and 3.3.x before 3.3.11 are vulnerable to an improper authentication issue when role-based access control (RBAC) is used and client-cert-auth is enabled.,1
CVE-2023-47851,Improper Neutralization of Input During Web Page Generation ('Cross-site Scripting') vulnerability in Akhtarujjaman Shuvo Bootstrap Shortcodes Ultimate allows Stored XSS.This issue affects Bootstrap Shortcodes Ultimate: from n/a through 4.3.1.,Stored XSS.This,Stored XSS.This [SEP] Improper Neutralization of Input During Web Page Generation ('Cross-site Scripting') vulnerability in Akhtarujjaman Shuvo Bootstrap Shortcodes Ultimate allows Stored XSS.This issue affects Bootstrap Shortcodes Ultimate: from n/a through 4.3.1.,0
CVE-2020-26076,An attacker could exploit this vulnerability by sending crafted curl commands to an affected device.,An attacker sending crafted curl commands to an affected device,An attacker sending crafted curl commands to an affected device [SEP] An attacker could exploit this vulnerability by sending crafted curl commands to an affected device.,1
CVE-2021-41129,"The malicious user must target an account with two-factor authentication enabled, and then must provide a correct two-factor authentication token before being authenticated as that user.",two-factor authentication enabled,"two-factor authentication enabled [SEP] The malicious user must target an account with two-factor authentication enabled, and then must provide a correct two-factor authentication token before being authenticated as that user.",1
CVE-2015-7925,"Cross-site request forgery (CSRF) vulnerability on eWON devices with firmware through 10.1s0 allows remote attackers to hijack the authentication of administrators for requests that trigger firmware upload, removal of configuration data, or a reboot.","remote attackers hijack the authentication of administrators for requests that trigger firmware upload, removal of configuration data, or a reboot","remote attackers hijack the authentication of administrators for requests that trigger firmware upload, removal of configuration data, or a reboot [SEP] Cross-site request forgery (CSRF) vulnerability on eWON devices with firmware through 10.1s0 allows remote attackers to hijack the authentication of administrators for requests that trigger firmware upload, removal of configuration data, or a reboot.",1
CVE-2012-3289,"VMware Workstation 8.x before 8.0.4, VMware Player 4.x before 4.0.4, VMware ESXi 3.5 through 5.0, and VMware ESX 3.5 through 4.1 allow remote attackers to cause a denial of service (guest OS crash) via crafted traffic from a remote virtual device.",remote attackers cause a denial of service (guest OS crash) via crafted traffic from a remote virtual device,"remote attackers cause a denial of service (guest OS crash) via crafted traffic from a remote virtual device [SEP] VMware Workstation 8.x before 8.0.4, VMware Player 4.x before 4.0.4, VMware ESXi 3.5 through 5.0, and VMware ESX 3.5 through 4.1 allow remote attackers to cause a denial of service (guest OS crash) via crafted traffic from a remote virtual device.",1
CVE-2023-26388,Adobe Substance 3D Stager version 2.0.1 (and earlier) is affected by an Improper Input Validation vulnerability that could result in arbitrary code execution in the context of the current user.,an Improper Input Validation vulnerability that could result in arbitrary code execution in the context of the current user,an Improper Input Validation vulnerability that could result in arbitrary code execution in the context of the current user [SEP] Adobe Substance 3D Stager version 2.0.1 (and earlier) is affected by an Improper Input Validation vulnerability that could result in arbitrary code execution in the context of the current user.,1
CVE-2018-4108,macOS before 10.13.4 is affected.,macOS before 10.13.4 affected,macOS before 10.13.4 affected [SEP] macOS before 10.13.4 is affected.,0
CVE-2018-1555,This vulnerability allows users to embed arbitrary JavaScript code in the Web UI thus altering the intended functionality potentially leading to credentials disclosure within a trusted session.,thus altering the intended functionality potentially leading to credentials disclosure within a trusted session,thus altering the intended functionality potentially leading to credentials disclosure within a trusted session [SEP] This vulnerability allows users to embed arbitrary JavaScript code in the Web UI thus altering the intended functionality potentially leading to credentials disclosure within a trusted session.,1
CVE-2021-29812,IBM Jazz for Service Management 1.1.3.10 and IBM Tivoli Netcool/OMNIbus_GUI is vulnerable to stored cross-site scripting.,IBM Jazz for Service Management 1.1.3.10 and IBM Tivoli Netcool / OMNIbus_GUI is vulnerable to stored cross-site scripting,IBM Jazz for Service Management 1.1.3.10 and IBM Tivoli Netcool / OMNIbus_GUI is vulnerable to stored cross-site scripting [SEP] IBM Jazz for Service Management 1.1.3.10 and IBM Tivoli Netcool/OMNIbus_GUI is vulnerable to stored cross-site scripting.,1
CVE-2018-15003,"The capability to perform a factory reset is not directly available to third-party apps (those that the user installs themselves with the exception of enabled Mobile Device Management (MDM) apps), although this capability can be obtained by leveraging an unprotected app component of a pre-installed platform app.",those that the user installs themselves with the exception of enabled Mobile Device Management (MDM) apps,"those that the user installs themselves with the exception of enabled Mobile Device Management (MDM) apps [SEP] The capability to perform a factory reset is not directly available to third-party apps (those that the user installs themselves with the exception of enabled Mobile Device Management (MDM) apps), although this capability can be obtained by leveraging an unprotected app component of a pre-installed platform app.",0
CVE-2020-11682,Castel NextGen DVR v1.0.0 is vulnerable to CSRF in all state-changing request.,Castel NextGen DVR v1.0.0 is vulnerable to CSRF in all state-changing request,Castel NextGen DVR v1.0.0 is vulnerable to CSRF in all state-changing request,1
CVE-2010-4488,"Google Chrome before 8.0.552.215 does not properly handle HTTP proxy authentication, which allows remote attackers to cause a denial of service (application crash) via unspecified vectors.","Google Chrome before 8.0.552.215 not properly handle HTTP proxy authentication, which allows remote attackers to cause a denial of service (application crash) via unspecified vectors","Google Chrome before 8.0.552.215 not properly handle HTTP proxy authentication, which allows remote attackers to cause a denial of service (application crash) via unspecified vectors [SEP] Google Chrome before 8.0.552.215 does not properly handle HTTP proxy authentication, which allows remote attackers to cause a denial of service (application crash) via unspecified vectors.",1
CVE-2021-34722,"Multiple vulnerabilities in the CLI of Cisco IOS XR Software could allow an authenticated, local attacker to gain access to the underlying root shell of an affected device and execute arbitrary commands with root privileges.","Multiple vulnerabilities in the CLI of Cisco IOS XR Software could allow an authenticated, local attacker to gain access to the underlying root shell of an affected device and execute arbitrary commands with root privileges","Multiple vulnerabilities in the CLI of Cisco IOS XR Software could allow an authenticated, local attacker to gain access to the underlying root shell of an affected device and execute arbitrary commands with root privileges",1
CVE-2018-15382,"An attacker could exploit this vulnerability by accessing the static signing key from one HyperFlex system and using it to generate valid, signed session tokens for another HyperFlex system.","An attacker using it to generate valid, signed session tokens for another HyperFlex system","An attacker using it to generate valid, signed session tokens for another HyperFlex system [SEP] An attacker could exploit this vulnerability by accessing the static signing key from one HyperFlex system and using it to generate valid, signed session tokens for another HyperFlex system.",1
CVE-2021-23022,Note: Software versions which have reached End of Technical Support (EoTS) are not evaluated.,Software versions which reached End of Technical Support (EoTS),Software versions which reached End of Technical Support (EoTS) [SEP] Note: Software versions which have reached End of Technical Support (EoTS) are not evaluated.,0
CVE-2014-8631,"The Chrome Object Wrapper (COW) implementation in Mozilla Firefox before 34.0 and SeaMonkey before 2.31 supports native-interface passing, which allows remote attackers to bypass intended DOM object restrictions via a call to an unspecified method.","The Chrome Object Wrapper (COW) implementation in Mozilla Firefox before 34.0 and SeaMonkey before 2.31 supports native-interface passing, which allows remote attackers to bypass intended DOM object restrictions via a call to an unspecified method","The Chrome Object Wrapper (COW) implementation in Mozilla Firefox before 34.0 and SeaMonkey before 2.31 supports native-interface passing, which allows remote attackers to bypass intended DOM object restrictions via a call to an unspecified method",1
CVE-2016-0906,The web-restore interface in Avamar Data Store (ADS) and Avamar Virtual Edition (AVE) in EMC Avamar through 7.1.2 and 7.2.x through 7.2.1 allows remote authenticated users to read or delete directories via a Linux backup-restore operation.,remote authenticated users read directories via a Linux backup-restore operation,remote authenticated users read directories via a Linux backup-restore operation [SEP] The web-restore interface in Avamar Data Store (ADS) and Avamar Virtual Edition (AVE) in EMC Avamar through 7.1.2 and 7.2.x through 7.2.1 allows remote authenticated users to read or delete directories via a Linux backup-restore operation.,1
CVE-2017-8836,"CSRF exists on Peplink Balance 305, 380, 580, 710, 1350, and 2500 devices with firmware before fw-b305hw2_380hw6_580hw2_710hw3_1350hw2_2500-7.0.1-build2093.","CSRF exists on Peplink Balance 305, 380, 580, 710, 1350, and 2500 devices with firmware before fw-b305hw2_380hw6_580hw2_710hw3_1350hw2_2500","CSRF exists on Peplink Balance 305, 380, 580, 710, 1350, and 2500 devices with firmware before fw-b305hw2_380hw6_580hw2_710hw3_1350hw2_2500 [SEP] CSRF exists on Peplink Balance 305, 380, 580, 710, 1350, and 2500 devices with firmware before fw-b305hw2_380hw6_580hw2_710hw3_1350hw2_2500-7.0.1-build2093.",1
CVE-2018-7590,"CSRF exists in Hoosk 1.7.0 via /admin/users/new/add, resulting in account creation.",CSRF exists in Hoosk 1.7.0 via /admin / users / new / add resulting in account creation,"CSRF exists in Hoosk 1.7.0 via /admin / users / new / add resulting in account creation [SEP] CSRF exists in Hoosk 1.7.0 via /admin/users/new/add, resulting in account creation.",1
